"refid","hmo","unit_title","archive_box","archive_folder"
"a48abb18653b3f2d7ec1473e63755e6b","18571880-33d7-4f4c-b935-6398e1754862","Aaliyah - Box COI-001A Folder 001 Image 0001","COI-001A","001"
"a48abb18653b3f2d7ec1473e63755e6b","1e175053-97f3-4320-bce7-0a2d57bd9695","Aaliyah - Box COI-001A Folder 001 Image 0002","COI-001A","001"
"a48abb18653b3f2d7ec1473e63755e6b","21996e0e-a254-44b3-9325-737b6338cdd4","Aaliyah - Box COI-001A Folder 001 Image 0003","COI-001A","001"
"a48abb18653b3f2d7ec1473e63755e6b","3a405fac-6575-4a8b-8491-531935897892","Aaliyah - Box COI-001A Folder 001 Image 0004","COI-001A","001"
"a48abb18653b3f2d7ec1473e63755e6b","4307eef7-3ed9-4cad-94df-6ceec323a70e","Aaliyah - Box COI-001A Folder 001 Image 0005","COI-001A","001"
"a48abb18653b3f2d7ec1473e63755e6b","46ad81b9-01b5-4e4c-8de2-4c01b00debab","Aaliyah - Box COI-001A Folder 001 Image 0006","COI-001A","001"
"a48abb18653b3f2d7ec1473e63755e6b","51928862-bbed-4963-b575-c6fa24aefb53","Aaliyah - Box COI-001A Folder 001 Image 0007","COI-001A","001"
"a48abb18653b3f2d7ec1473e63755e6b","5640692c-8fe8-475a-8b57-08e610cb875a","Aaliyah - Box COI-001A Folder 001 Image 0008","COI-001A","001"
"a48abb18653b3f2d7ec1473e63755e6b","5a33a790-160f-445e-8d2a-c8fc2a63e3b8","Aaliyah - Box COI-001A Folder 001 Image 0009","COI-001A","001"
"a48abb18653b3f2d7ec1473e63755e6b","5f52aed8-79ae-4827-bdd7-8473d58f0fe4","Aaliyah - Box COI-001A Folder 001 Image 0010","COI-001A","001"
"a48abb18653b3f2d7ec1473e63755e6b","6c4aed8d-e02c-4dc5-83b9-3de9ae3c7147","Aaliyah - Box COI-001A Folder 001 Image 0011","COI-001A","001"
"a48abb18653b3f2d7ec1473e63755e6b","7a3b63b5-e698-4745-9d35-5173cc172a7a","Aaliyah - Box COI-001A Folder 001 Image 0012","COI-001A","001"
"a48abb18653b3f2d7ec1473e63755e6b","87fc4294-8e26-46f0-93b5-fcf78e0fd3d9","Aaliyah - Box COI-001A Folder 001 Image 0013","COI-001A","001"
"a48abb18653b3f2d7ec1473e63755e6b","9ce82a45-51d1-4140-9bf3-8a2195b1f051","Aaliyah - Box COI-001A Folder 001 Image 0014","COI-001A","001"
"a48abb18653b3f2d7ec1473e63755e6b","9fb6711c-bf0b-49da-b4bf-c567c6b37cc7","Aaliyah - Box COI-001A Folder 001 Image 0015","COI-001A","001"
"a48abb18653b3f2d7ec1473e63755e6b","bcd9e15b-b46d-4511-9bbf-24594bea1cbd","Aaliyah - Box COI-001A Folder 001 Image 0016","COI-001A","001"
"a48abb18653b3f2d7ec1473e63755e6b","c9443932-2ed8-413c-87b3-625c4e9b8801","Aaliyah - Box COI-001A Folder 001 Image 0017","COI-001A","001"
"a48abb18653b3f2d7ec1473e63755e6b","d733e9ab-cafd-4741-88cb-6d4e044b6224","Aaliyah - Box COI-001A Folder 001 Image 0018","COI-001A","001"
"a48abb18653b3f2d7ec1473e63755e6b","de2285f1-1291-488c-a5b8-17eab2bbecdd","Aaliyah - Box COI-001A Folder 001 Image 0019","COI-001A","001"
"a48abb18653b3f2d7ec1473e63755e6b","e11835b4-d240-4225-9a77-8773d0c34f2b","Aaliyah - Box COI-001A Folder 001 Image 0020","COI-001A","001"
"a48abb18653b3f2d7ec1473e63755e6b","f2840d9d-5ca5-4c6f-836d-cfb1c3ae16d4","Aaliyah - Box COI-001A Folder 001 Image 0021","COI-001A","001"
"a48abb18653b3f2d7ec1473e63755e6b","f61509c2-7b13-4fac-ad2f-38af64ea097b","Aaliyah - Box COI-001A Folder 001 Image 0022","COI-001A","001"
"a48abb18653b3f2d7ec1473e63755e6b","f8fad877-2fa1-4dd9-a947-eeccacd309c5","Aaliyah - Box COI-001A Folder 001 Image 0023","COI-001A","001"
"abdf9b232cdeb401ced7e386d97c013b","095a7492-f250-44d7-9371-8c299911636f","Aaron, Hank - Box BWI-003A Folder 005 Image 0001","BWI-003A","005"
"abdf9b232cdeb401ced7e386d97c013b","0bb43ea2-1481-4063-a0a8-e3b07129a308","Aaron, Hank - Box BWI-003A Folder 005 Image 0002","BWI-003A","005"
"abdf9b232cdeb401ced7e386d97c013b","0c26ffee-56ed-4e63-9788-a4bdbef89d6a","Aaron, Hank - Box BWI-003A Folder 005 Image 0003","BWI-003A","005"
"abdf9b232cdeb401ced7e386d97c013b","0f2854b4-890e-46a4-a6d0-700f777aec74","Aaron, Hank - Box BWI-003A Folder 005 Image 0004","BWI-003A","005"
"abdf9b232cdeb401ced7e386d97c013b","16574c93-8b64-4bee-b2f6-ab0501543f53","Aaron, Hank - Box BWI-003A Folder 005 Image 0005","BWI-003A","005"
"abdf9b232cdeb401ced7e386d97c013b","296c28cb-3c0e-4e9d-bc61-b7af93b2ac61","Aaron, Hank - Box BWI-003A Folder 005 Image 0006","BWI-003A","005"
"abdf9b232cdeb401ced7e386d97c013b","2bade90a-8cd0-44aa-9860-905be7f5c89e","Aaron, Hank - Box BWI-003A Folder 005 Image 0007","BWI-003A","005"
"abdf9b232cdeb401ced7e386d97c013b","2c4b35b5-93ae-4350-86fe-aa81ef97b8c5","Aaron, Hank - Box BWI-003A Folder 005 Image 0008","BWI-003A","005"
"abdf9b232cdeb401ced7e386d97c013b","2ec835b4-c632-4127-bc40-ef2094b30957","Aaron, Hank - Box BWI-003A Folder 005 Image 0009","BWI-003A","005"
"abdf9b232cdeb401ced7e386d97c013b","2f04ede4-f4ad-4724-b32f-38c9cca9892c","Aaron, Hank - Box BWI-003A Folder 005 Image 0010","BWI-003A","005"
"abdf9b232cdeb401ced7e386d97c013b","31d733e0-4007-4855-9a0b-441bbca2cc49","Aaron, Hank - Box BWI-003A Folder 005 Image 0011","BWI-003A","005"
"abdf9b232cdeb401ced7e386d97c013b","3374f54a-aa9d-40f9-a749-7154741c13c1","Aaron, Hank - Box BWI-003A Folder 005 Image 0012","BWI-003A","005"
"abdf9b232cdeb401ced7e386d97c013b","3ab1e24b-8cbd-4a69-b585-d6f606dba56c","Aaron, Hank - Box BWI-003A Folder 005 Image 0013","BWI-003A","005"
"abdf9b232cdeb401ced7e386d97c013b","3c26c1ea-880d-456b-9a58-71021e424575","Aaron, Hank - Box BWI-003A Folder 005 Image 0014","BWI-003A","005"
"abdf9b232cdeb401ced7e386d97c013b","3e8ea224-5d48-4f40-a9d5-550fff577d75","Aaron, Hank - Box BWI-003A Folder 005 Image 0015","BWI-003A","005"
"abdf9b232cdeb401ced7e386d97c013b","43c45e95-39d7-4757-9508-503d35aa7c09","Aaron, Hank - Box BWI-003A Folder 005 Image 0016","BWI-003A","005"
"abdf9b232cdeb401ced7e386d97c013b","68e5a420-75cd-4b2c-80c3-0698ab63e348","Aaron, Hank - Box BWI-003A Folder 005 Image 0017","BWI-003A","005"
"abdf9b232cdeb401ced7e386d97c013b","69155c1e-1d3f-42d0-97be-0be9b2f9d1ed","Aaron, Hank - Box BWI-003A Folder 005 Image 0018","BWI-003A","005"
"abdf9b232cdeb401ced7e386d97c013b","7451cb17-17b0-4ccd-accb-7661521d422f","Aaron, Hank - Box BWI-003A Folder 005 Image 0019","BWI-003A","005"
"abdf9b232cdeb401ced7e386d97c013b","78fe7fa4-a810-4f83-9b17-86bc65f72dc9","Aaron, Hank - Box BWI-003A Folder 005 Image 0020","BWI-003A","005"
"abdf9b232cdeb401ced7e386d97c013b","7a245c3a-ffa0-4023-8aca-422de58d543e","Aaron, Hank - Box BWI-003A Folder 005 Image 0021","BWI-003A","005"
"abdf9b232cdeb401ced7e386d97c013b","7b74f63f-be99-41e7-aa9d-90ca09425b24","Aaron, Hank - Box BWI-003A Folder 005 Image 0022","BWI-003A","005"
"abdf9b232cdeb401ced7e386d97c013b","8419627b-36dd-4629-b25b-8fb4d5324e44","Aaron, Hank - Box BWI-003A Folder 005 Image 0023","BWI-003A","005"
"abdf9b232cdeb401ced7e386d97c013b","895340a6-a296-4136-830f-771f954750fd","Aaron, Hank - Box BWI-003A Folder 005 Image 0024","BWI-003A","005"
"abdf9b232cdeb401ced7e386d97c013b","965cc12f-6687-416a-a44e-1aff3951eded","Aaron, Hank - Box BWI-003A Folder 005 Image 0025","BWI-003A","005"
"abdf9b232cdeb401ced7e386d97c013b","9679d8a8-281a-4814-b527-b137772d0bb5","Aaron, Hank - Box BWI-003A Folder 005 Image 0026","BWI-003A","005"
"abdf9b232cdeb401ced7e386d97c013b","a757a8ed-3d8f-4131-b445-9016125b49fd","Aaron, Hank - Box BWI-003A Folder 005 Image 0027","BWI-003A","005"
"abdf9b232cdeb401ced7e386d97c013b","ac91e149-663e-47a1-907b-9fba0ba76e58","Aaron, Hank - Box BWI-003A Folder 005 Image 0028","BWI-003A","005"
"abdf9b232cdeb401ced7e386d97c013b","adfd3494-efa1-44ac-bcae-e59ad6a4affb","Aaron, Hank - Box BWI-003A Folder 005 Image 0029","BWI-003A","005"
"abdf9b232cdeb401ced7e386d97c013b","b3b5be1c-40a0-4384-8436-c77f09ca54a4","Aaron, Hank - Box BWI-003A Folder 005 Image 0030","BWI-003A","005"
"abdf9b232cdeb401ced7e386d97c013b","b70ef408-94c0-4190-be7f-d4b778514a16","Aaron, Hank - Box BWI-003A Folder 005 Image 0031","BWI-003A","005"
"abdf9b232cdeb401ced7e386d97c013b","bb94d6af-564d-4174-b3f1-91ffa01a41ba","Aaron, Hank - Box BWI-003A Folder 005 Image 0032","BWI-003A","005"
"abdf9b232cdeb401ced7e386d97c013b","c0630d64-297a-402f-a60a-2da01ca93b38","Aaron, Hank - Box BWI-003A Folder 005 Image 0033","BWI-003A","005"
"abdf9b232cdeb401ced7e386d97c013b","c3c27596-f9da-4f60-a1db-74378c9a8270","Aaron, Hank - Box BWI-003A Folder 005 Image 0034","BWI-003A","005"
"abdf9b232cdeb401ced7e386d97c013b","c46711ac-78c7-4ee2-8c58-c9b0ad06cd09","Aaron, Hank - Box BWI-003A Folder 005 Image 0035","BWI-003A","005"
"abdf9b232cdeb401ced7e386d97c013b","d12815ca-d84c-487b-bdcf-a186c74b0262","Aaron, Hank - Box BWI-003A Folder 005 Image 0036","BWI-003A","005"
"abdf9b232cdeb401ced7e386d97c013b","d632e5cd-e11b-4ba9-8692-657b6719582b","Aaron, Hank - Box BWI-003A Folder 005 Image 0037","BWI-003A","005"
"abdf9b232cdeb401ced7e386d97c013b","db90f26c-ad50-4c7e-860d-584d7fcc50bd","Aaron, Hank - Box BWI-003A Folder 005 Image 0038","BWI-003A","005"
"abdf9b232cdeb401ced7e386d97c013b","dc1b599a-343d-47a5-93ac-df1951ac357d","Aaron, Hank - Box BWI-003A Folder 005 Image 0039","BWI-003A","005"
"abdf9b232cdeb401ced7e386d97c013b","dd930561-fda7-4741-af21-52abdd2e77a7","Aaron, Hank - Box BWI-003A Folder 005 Image 0040","BWI-003A","005"
"abdf9b232cdeb401ced7e386d97c013b","ddb615c2-9220-4337-80ee-670ef01ba7da","Aaron, Hank - Box BWI-003A Folder 005 Image 0041","BWI-003A","005"
"abdf9b232cdeb401ced7e386d97c013b","deb28f2d-95e8-4ff8-b7eb-e0e0fbf732cc","Aaron, Hank - Box BWI-003A Folder 005 Image 0042","BWI-003A","005"
"abdf9b232cdeb401ced7e386d97c013b","e14f3331-784c-4709-aa24-5c208726885b","Aaron, Hank - Box BWI-003A Folder 005 Image 0043","BWI-003A","005"
"abdf9b232cdeb401ced7e386d97c013b","e3b96a26-06b5-4276-bcaa-5d235384d595","Aaron, Hank - Box BWI-003A Folder 005 Image 0044","BWI-003A","005"
"abdf9b232cdeb401ced7e386d97c013b","e555f7e4-cfe5-4677-b476-6e5c1b04601e","Aaron, Hank - Box BWI-003A Folder 005 Image 0045","BWI-003A","005"
"abdf9b232cdeb401ced7e386d97c013b","e6ff0a67-d4d6-4553-9610-6c60ad0d5f8d","Aaron, Hank - Box BWI-003A Folder 005 Image 0046","BWI-003A","005"
"abdf9b232cdeb401ced7e386d97c013b","ebc608c1-dc2f-4871-a324-dd7fc195a380","Aaron, Hank - Box BWI-003A Folder 005 Image 0047","BWI-003A","005"
"abdf9b232cdeb401ced7e386d97c013b","f8a41f52-1c98-4d63-88cb-6061e76772c4","Aaron, Hank - Box BWI-003A Folder 005 Image 0048","BWI-003A","005"
"da0c77f6628da9148489b5ee41786cde","04627a27-cb56-46ea-aadd-eef7da3a6161","Aaron, Judge - Box BWI-002A Folder 017 Image 0001","BWI-002A","017"
"da0c77f6628da9148489b5ee41786cde","09f4507d-a2b3-486e-98cb-3f011231bf6a","Aaron, Judge - Box BWI-002A Folder 017 Image 0002","BWI-002A","017"
"da0c77f6628da9148489b5ee41786cde","22e8c39e-dc63-42ac-b329-18dc63e66bcb","Aaron, Judge - Box BWI-002A Folder 017 Image 0003","BWI-002A","017"
"da0c77f6628da9148489b5ee41786cde","34d34440-81a7-48b4-8215-91b8e6962bf7","Aaron, Judge - Box BWI-002A Folder 017 Image 0004","BWI-002A","017"
"da0c77f6628da9148489b5ee41786cde","3a4182d9-d8b7-402b-9b93-477cef9390c9","Aaron, Judge - Box BWI-002A Folder 017 Image 0005","BWI-002A","017"
"da0c77f6628da9148489b5ee41786cde","4e1cd08c-9dba-4952-8472-49c7a16eda15","Aaron, Judge - Box BWI-002A Folder 017 Image 0006","BWI-002A","017"
"da0c77f6628da9148489b5ee41786cde","4f09a13b-865f-499c-a337-97bd977dfc49","Aaron, Judge - Box BWI-002A Folder 017 Image 0007","BWI-002A","017"
"da0c77f6628da9148489b5ee41786cde","5f02ccd0-0dda-469e-91d3-e314427bcb24","Aaron, Judge - Box BWI-002A Folder 017 Image 0008","BWI-002A","017"
"da0c77f6628da9148489b5ee41786cde","67f6c4e9-66e7-4eb6-bea1-bfb722707393","Aaron, Judge - Box BWI-002A Folder 017 Image 0009","BWI-002A","017"
"da0c77f6628da9148489b5ee41786cde","76247a9c-ade7-466f-b6a6-bb9bce5145ce","Aaron, Judge - Box BWI-002A Folder 017 Image 0010","BWI-002A","017"
"da0c77f6628da9148489b5ee41786cde","79cc53b4-16a8-4e73-ae3d-c52cf9d9a6c4","Aaron, Judge - Box BWI-002A Folder 017 Image 0011","BWI-002A","017"
"da0c77f6628da9148489b5ee41786cde","7ee6fd11-0d78-4f56-a9b8-ac366909737c","Aaron, Judge - Box BWI-002A Folder 017 Image 0012","BWI-002A","017"
"da0c77f6628da9148489b5ee41786cde","86b18315-5cbb-4e22-a9f7-0d06d35f73ee","Aaron, Judge - Box BWI-002A Folder 017 Image 0013","BWI-002A","017"
"da0c77f6628da9148489b5ee41786cde","99272bd8-be38-4060-a86b-b40ffb1fe743","Aaron, Judge - Box BWI-002A Folder 017 Image 0014","BWI-002A","017"
"da0c77f6628da9148489b5ee41786cde","a5cce7d8-4f0c-488b-ab78-3547349517b1","Aaron, Judge - Box BWI-002A Folder 017 Image 0015","BWI-002A","017"
"da0c77f6628da9148489b5ee41786cde","abfdb64e-6671-42cf-8af8-3f3abd51d825","Aaron, Judge - Box BWI-002A Folder 017 Image 0016","BWI-002A","017"
"da0c77f6628da9148489b5ee41786cde","b4d96fa9-06cd-48da-88ad-7605616dc586","Aaron, Judge - Box BWI-002A Folder 017 Image 0017","BWI-002A","017"
"da0c77f6628da9148489b5ee41786cde","b8b090ed-38da-4897-ace1-8824de1df228","Aaron, Judge - Box BWI-002A Folder 017 Image 0018","BWI-002A","017"
"da0c77f6628da9148489b5ee41786cde","c263ee3f-0aa4-4b00-88fe-270e9043e798","Aaron, Judge - Box BWI-002A Folder 017 Image 0019","BWI-002A","017"
"da0c77f6628da9148489b5ee41786cde","d72ddf45-bac8-49a6-ab71-9d112f95afd9","Aaron, Judge - Box BWI-002A Folder 017 Image 0020","BWI-002A","017"
"da0c77f6628da9148489b5ee41786cde","dfdea414-a5cd-42cc-93fa-fe7af9d0ff87","Aaron, Judge - Box BWI-002A Folder 017 Image 0021","BWI-002A","017"
"da0c77f6628da9148489b5ee41786cde","f98cc3cb-bd3e-4b65-85b1-1ec16151c69b","Aaron, Judge - Box BWI-002A Folder 017 Image 0022","BWI-002A","017"
"a9e4073af3ac29d2d8601a8c06be5646","154b1412-4a7d-4d11-af47-b2a08c06d3f9","Abdul-Jabbar, Kareem - Box BWI-006A Folder 003 Image 0001","BWI-006A","003"
"a9e4073af3ac29d2d8601a8c06be5646","20c6d6f1-882b-4791-b372-ab5ac605b3ec","Abdul-Jabbar, Kareem - Box BWI-006A Folder 003 Image 0002","BWI-006A","003"
"a9e4073af3ac29d2d8601a8c06be5646","23ef1e2b-1106-4873-8d18-56673000cefe","Abdul-Jabbar, Kareem - Box BWI-006A Folder 003 Image 0003","BWI-006A","003"
"a9e4073af3ac29d2d8601a8c06be5646","26f31be9-302c-4f4e-9d15-97daa605ff9f","Abdul-Jabbar, Kareem - Box BWI-006A Folder 003 Image 0004","BWI-006A","003"
"a9e4073af3ac29d2d8601a8c06be5646","2923ea7d-c0a4-49fa-9041-22416707de46","Abdul-Jabbar, Kareem - Box BWI-006A Folder 003 Image 0005","BWI-006A","003"
"a9e4073af3ac29d2d8601a8c06be5646","2c05eb81-2c71-4d93-a947-cec70fc02d76","Abdul-Jabbar, Kareem - Box BWI-006A Folder 003 Image 0006","BWI-006A","003"
"a9e4073af3ac29d2d8601a8c06be5646","2dab2683-5c6a-45ca-9a28-c1ab6b07f5ba","Abdul-Jabbar, Kareem - Box BWI-006A Folder 003 Image 0007","BWI-006A","003"
"a9e4073af3ac29d2d8601a8c06be5646","397d5a87-08a5-432d-a06a-1211366e3e8e","Abdul-Jabbar, Kareem - Box BWI-006A Folder 003 Image 0008","BWI-006A","003"
"a9e4073af3ac29d2d8601a8c06be5646","3b0c8878-9128-46f0-bdd5-338e4441b36b","Abdul-Jabbar, Kareem - Box BWI-006A Folder 003 Image 0009","BWI-006A","003"
"a9e4073af3ac29d2d8601a8c06be5646","3bc1024b-ed59-4662-9563-6e42d9d8b1de","Abdul-Jabbar, Kareem - Box BWI-006A Folder 003 Image 0010","BWI-006A","003"
"a9e4073af3ac29d2d8601a8c06be5646","3dd5ef64-5e3e-4955-abf8-ad137b0f5d51","Abdul-Jabbar, Kareem - Box BWI-006A Folder 003 Image 0011","BWI-006A","003"
"a9e4073af3ac29d2d8601a8c06be5646","3e8e5fa2-d286-4067-b808-d4120a31cf7a","Abdul-Jabbar, Kareem - Box BWI-006A Folder 003 Image 0012","BWI-006A","003"
"a9e4073af3ac29d2d8601a8c06be5646","498113bb-6278-4e13-a2ca-8c7e8f5240ae","Abdul-Jabbar, Kareem - Box BWI-006A Folder 003 Image 0013","BWI-006A","003"
"a9e4073af3ac29d2d8601a8c06be5646","607a8c96-40f1-4d09-943b-cbf19fc0b11c","Abdul-Jabbar, Kareem - Box BWI-006A Folder 003 Image 0014","BWI-006A","003"
"a9e4073af3ac29d2d8601a8c06be5646","60b27c2c-652a-4169-bc1c-931212a21103","Abdul-Jabbar, Kareem - Box BWI-006A Folder 003 Image 0015","BWI-006A","003"
"a9e4073af3ac29d2d8601a8c06be5646","62479fb6-714e-4128-93e3-fa42b1886540","Abdul-Jabbar, Kareem - Box BWI-006A Folder 003 Image 0016","BWI-006A","003"
"a9e4073af3ac29d2d8601a8c06be5646","66ac9c48-4c7c-48cd-945d-a62967c20d09","Abdul-Jabbar, Kareem - Box BWI-006A Folder 003 Image 0017","BWI-006A","003"
"a9e4073af3ac29d2d8601a8c06be5646","677d5b72-ab1b-42a9-861c-bff4a566bbad","Abdul-Jabbar, Kareem - Box BWI-006A Folder 003 Image 0018","BWI-006A","003"
"a9e4073af3ac29d2d8601a8c06be5646","6ef19d50-7ba0-42c3-81ed-0e0562f2e512","Abdul-Jabbar, Kareem - Box BWI-006A Folder 003 Image 0019","BWI-006A","003"
"a9e4073af3ac29d2d8601a8c06be5646","71f8202d-07cc-4888-86be-b420d0c9bad3","Abdul-Jabbar, Kareem - Box BWI-006A Folder 003 Image 0020","BWI-006A","003"
"a9e4073af3ac29d2d8601a8c06be5646","757e43f7-6435-46e1-a5bd-a6fcb65afdba","Abdul-Jabbar, Kareem - Box BWI-006A Folder 003 Image 0021","BWI-006A","003"
"a9e4073af3ac29d2d8601a8c06be5646","7f235c02-9f96-415c-b9d5-4a3d171d3270","Abdul-Jabbar, Kareem - Box BWI-006A Folder 003 Image 0022","BWI-006A","003"
"a9e4073af3ac29d2d8601a8c06be5646","81b32134-76f0-43d7-ab9d-a574eed061cd","Abdul-Jabbar, Kareem - Box BWI-006A Folder 003 Image 0023","BWI-006A","003"
"a9e4073af3ac29d2d8601a8c06be5646","9302feac-1cfb-4eb2-8b9d-b739cd3c8a89","Abdul-Jabbar, Kareem - Box BWI-006A Folder 003 Image 0024","BWI-006A","003"
"a9e4073af3ac29d2d8601a8c06be5646","9a12c3b1-58dc-448b-a3e6-6a4f501a6580","Abdul-Jabbar, Kareem - Box BWI-006A Folder 003 Image 0025","BWI-006A","003"
"a9e4073af3ac29d2d8601a8c06be5646","9d3293d5-9e44-4566-afb5-aa37e282c92a","Abdul-Jabbar, Kareem - Box BWI-006A Folder 003 Image 0026","BWI-006A","003"
"a9e4073af3ac29d2d8601a8c06be5646","9d454f95-c2bb-4e24-bc7f-ce8e88251365","Abdul-Jabbar, Kareem - Box BWI-006A Folder 003 Image 0027","BWI-006A","003"
"a9e4073af3ac29d2d8601a8c06be5646","a1a591ac-f983-470d-ba3d-f8162273b987","Abdul-Jabbar, Kareem - Box BWI-006A Folder 003 Image 0028","BWI-006A","003"
"a9e4073af3ac29d2d8601a8c06be5646","a8411aee-8b20-4b40-8b79-c8f3c4ad4312","Abdul-Jabbar, Kareem - Box BWI-006A Folder 003 Image 0029","BWI-006A","003"
"a9e4073af3ac29d2d8601a8c06be5646","b1df491b-408f-497f-a973-7f3f1b2e1946","Abdul-Jabbar, Kareem - Box BWI-006A Folder 003 Image 0030","BWI-006A","003"
"a9e4073af3ac29d2d8601a8c06be5646","cc89b8cf-9b8b-4b3b-b214-debfb544065f","Abdul-Jabbar, Kareem - Box BWI-006A Folder 003 Image 0031","BWI-006A","003"
"a9e4073af3ac29d2d8601a8c06be5646","d0273639-62ce-4852-a62d-486c245f8325","Abdul-Jabbar, Kareem - Box BWI-006A Folder 003 Image 0032","BWI-006A","003"
"a9e4073af3ac29d2d8601a8c06be5646","d70e5e6a-cdee-42ab-aabb-0d76a67d351b","Abdul-Jabbar, Kareem - Box BWI-006A Folder 003 Image 0033","BWI-006A","003"
"a9e4073af3ac29d2d8601a8c06be5646","d7750ad0-3ed2-4ebd-89f5-406d5767861a","Abdul-Jabbar, Kareem - Box BWI-006A Folder 003 Image 0034","BWI-006A","003"
"a9e4073af3ac29d2d8601a8c06be5646","d9e3e527-c0a5-47d9-9c9d-3f4611d4a37f","Abdul-Jabbar, Kareem - Box BWI-006A Folder 003 Image 0035","BWI-006A","003"
"a9e4073af3ac29d2d8601a8c06be5646","de58424c-c0c8-4ce7-9b90-cb01dbb0bbc8","Abdul-Jabbar, Kareem - Box BWI-006A Folder 003 Image 0036","BWI-006A","003"
"a9e4073af3ac29d2d8601a8c06be5646","df033e6a-539a-4fd7-900f-aa9fb266915c","Abdul-Jabbar, Kareem - Box BWI-006A Folder 003 Image 0037","BWI-006A","003"
"a9e4073af3ac29d2d8601a8c06be5646","e5adab9e-0933-4faa-a7e5-0fb073f3d703","Abdul-Jabbar, Kareem - Box BWI-006A Folder 003 Image 0038","BWI-006A","003"
"a9e4073af3ac29d2d8601a8c06be5646","f04b6762-c67d-4f9d-bbe7-28529e027cc9","Abdul-Jabbar, Kareem - Box BWI-006A Folder 003 Image 0039","BWI-006A","003"
"a9e4073af3ac29d2d8601a8c06be5646","fbeb4c5d-f6e1-4e77-85a0-223dc015e823","Abdul-Jabbar, Kareem - Box BWI-006A Folder 003 Image 0040","BWI-006A","003"
"a9e4073af3ac29d2d8601a8c06be5646","fd781a25-7476-4238-99c1-d8ef21ae1b51","Abdul-Jabbar, Kareem - Box BWI-006A Folder 003 Image 0041","BWI-006A","003"
"4945c6702e1495b214b24b4bbc71f460","08b34a00-4a03-4922-8b3a-2b0dd84ce3db","Abdulrashid, Eileen Tyner - Box BWI-003A Folder 011 Image 0001","BWI-003A","011"
"4945c6702e1495b214b24b4bbc71f460","10569d0b-209f-4d24-8663-06f024c3e473","Abdulrashid, Eileen Tyner - Box BWI-003A Folder 011 Image 0002","BWI-003A","011"
"4945c6702e1495b214b24b4bbc71f460","28c00ee5-8e40-4ef7-8f2a-95d51db0f95e","Abdulrashid, Eileen Tyner - Box BWI-003A Folder 011 Image 0003","BWI-003A","011"
"4945c6702e1495b214b24b4bbc71f460","5f259c94-7de8-4c08-9922-21bff68bcdeb","Abdulrashid, Eileen Tyner - Box BWI-003A Folder 011 Image 0004","BWI-003A","011"
"4945c6702e1495b214b24b4bbc71f460","7b0f8cef-67a4-4902-925c-0e46741141c1","Abdulrashid, Eileen Tyner - Box BWI-003A Folder 011 Image 0005","BWI-003A","011"
"4945c6702e1495b214b24b4bbc71f460","8f061ae3-9bf9-4e31-b72a-2b33e66758d9","Abdulrashid, Eileen Tyner - Box BWI-003A Folder 011 Image 0006","BWI-003A","011"
"4945c6702e1495b214b24b4bbc71f460","bf9fe5ac-816c-47ff-97a3-c9c24c242089","Abdulrashid, Eileen Tyner - Box BWI-003A Folder 011 Image 0007","BWI-003A","011"
"4945c6702e1495b214b24b4bbc71f460","ec765bee-0d96-426d-baf8-68cbea451dc3","Abdulrashid, Eileen Tyner - Box BWI-003A Folder 011 Image 0008","BWI-003A","011"
